horse1-105.png,1
horse1-122.png,1
horse1-127.png,1
horse1-170.png,1
horse1-204.png,1
horse1-224.png,1
horse1-241.png,1
horse1-264.png,1
horse1-276.png,1
horse1-298.png,1
horse1-335.png,1
horse1-384.png,1
horse1-411.png,1
horse1-436.png,1
horse1-455.png,1
horse1-484.png,1
horse1-510.png,1
horse1-539.png,1
horse1-554.png,1
horse1-568.png,1
horse02-0.png,1
horse02-1.png,1
horse02-2.png,1
horse02-3.png,1
horse02-4.png,1
horse02-5.png,1
horse02-6.png,1
horse02-7.png,1
horse02-8.png,1
horse02-9.png,1
horse2-011.png,1
horse2-040.png,1
horse2-069.png,1
horse2-112.png,1
horse2-136.png,1
horse2-183.png,1
horse2-201.png,1
horse2-218.png,1
horse2-224.png,1
horse2-254.png,1
horse2-269.png,1
horse2-294.png,1
horse2-314.png,1
horse2-368.png,1
horse2-383.png,1
horse2-412.png,1
horse2-441.png,1
horse2-544.png,1
horse2-582.png,1
horse2-596.png,1
horse03-0.png,1
horse03-1.png,1
horse03-2.png,1
horse03-3.png,1
horse03-4.png,1
horse03-5.png,1
horse03-6.png,1
horse03-7.png,1
horse03-8.png,1
horse03-9.png,1
horse3-011.png,1
horse3-026.png,1
horse3-055.png,1
horse3-070.png,1
horse3-099.png,1
horse3-141.png,1
horse3-171.png,1
horse3-198.png,1
horse3-217.png,1
horse3-255.png,1
horse3-326.png,1
horse3-397.png,1
horse3-416.png,1
horse3-440.png,1
horse3-469.png,1
horse3-484.png,1
horse3-498.png,1
horse3-521.png,1
horse3-541.png,1
horse3-584.png,1
horse04-0.png,1
horse04-1.png,1
horse04-2.png,1
horse04-3.png,1
horse04-4.png,1
horse04-5.png,1
horse04-6.png,1
horse04-7.png,1
horse04-8.png,1
horse04-9.png,1
horse4-000.png,1
horse4-014.png,1
horse4-043.png,1
horse4-072.png,1
horse4-102.png,1
horse4-159.png,1
horse4-188.png,1
horse4-202.png,1
horse4-232.png,1
horse4-302.png,1
horse4-345.png,1
horse4-389.png,1
horse4-403.png,1
horse4-439.png,1
horse4-468.png,1
horse4-495.png,1
horse4-501.png,1
horse4-503.png,1
horse4-530.png,1
horse4-541.png,1
horse4-548.png,1
horse4-556.png,1
horse4-588.png,1
horse4-599.png,1
horse05-0.png,1
horse05-1.png,1
horse05-2.png,1
horse05-3.png,1
horse05-4.png,1
horse05-5.png,1
horse05-6.png,1
horse05-7.png,1
horse05-8.png,1
horse05-9.png,1
horse5-002.png,1
horse5-018.png,1
horse5-032.png,1
horse5-060.png,1
horse5-065.png,1
horse5-076.png,1
horse5-083.png,1
horse5-100.png,1
horse5-103.png,1
horse5-123.png,1
horse5-164.png,1
horse5-181.png,1
horse5-192.png,1
horse5-203.png,1
horse5-235.png,1
horse5-259.png,1
horse5-275.png,1
horse5-303.png,1
horse5-342.png,1
horse5-360.png,1
horse5-400.png,1
horse5-402.png,1
horse5-405.png,1
horse5-458.png,1
horse5-478.png,1
horse5-488.png,1
horse5-504.png,1
horse5-514.png,1
horse5-519.png,1
horse5-550.png,1
horse5-565.png,1
horse5-589.png,1
horse06-0.png,1
horse06-1.png,1
horse06-2.png,1
horse06-3.png,1
horse06-4.png,1
horse06-5.png,1
horse06-6.png,1
horse06-7.png,1
horse06-8.png,1
horse06-9.png,1
horse6-004.png,1
horse6-064.png,1
horse6-089.png,1
horse6-153.png,1
horse6-161.png,1
horse6-198.png,1
horse6-218.png,1
horse6-275.png,1
horse6-345.png,1
horse6-403.png,1
horse6-544.png,1
horse07-0.png,1
horse07-1.png,1
horse07-2.png,1
horse07-3.png,1
horse07-4.png,1
horse07-5.png,1
horse07-6.png,1
horse07-7.png,1
horse07-8.png,1
horse07-9.png,1
horse08-0.png,1
horse08-1.png,1
horse08-2.png,1
horse08-3.png,1
horse08-4.png,1
horse08-5.png,1
horse08-6.png,1
horse08-7.png,1
horse08-8.png,1
horse08-9.png,1
horse09-0.png,1
horse09-1.png,1
horse09-2.png,1
horse09-3.png,1
horse09-4.png,1
horse09-5.png,1
horse09-6.png,1
horse09-7.png,1
horse09-8.png,1
horse09-9.png,1
horse10-0.png,1
horse10-1.png,1
horse10-2.png,1
horse10-3.png,1
horse10-4.png,1
horse10-5.png,1
horse10-6.png,1
horse10-7.png,1
horse10-8.png,1
horse10-9.png,1
horse11-0.png,1
horse11-1.png,1
horse11-2.png,1
horse11-3.png,1
horse11-4.png,1
horse11-5.png,1
horse11-6.png,1
horse11-7.png,1
horse11-8.png,1
horse11-9.png,1
horse12-0.png,1
horse12-1.png,1
horse12-2.png,1
horse12-3.png,1
horse12-4.png,1
horse12-5.png,1
horse12-6.png,1
horse12-7.png,1
horse12-8.png,1
horse12-9.png,1
horse13-0.png,1
horse13-1.png,1
horse13-2.png,1
horse13-3.png,1
horse13-4.png,1
horse13-5.png,1
horse13-6.png,1
horse13-7.png,1
horse13-8.png,1
horse13-9.png,1
horse14-0.png,1
horse14-1.png,1
horse14-2.png,1
horse14-3.png,1
horse14-4.png,1
horse14-5.png,1
horse14-6.png,1
horse14-7.png,1
horse14-8.png,1
horse14-9.png,1
horse15-0.png,1
horse15-1.png,1
horse15-2.png,1
horse15-3.png,1
horse15-4.png,1
horse15-5.png,1
horse15-6.png,1
horse15-7.png,1
horse15-8.png,1
horse15-9.png,1
horse16-0.png,1
horse16-1.png,1
horse16-2.png,1
horse16-3.png,1
horse16-4.png,1
horse16-5.png,1
horse16-6.png,1
horse16-7.png,1
horse16-8.png,1
horse16-9.png,1
horse17-0.png,1
horse17-1.png,1
horse17-2.png,1
horse17-3.png,1
horse17-4.png,1
horse17-5.png,1
horse17-6.png,1
horse17-7.png,1
horse17-8.png,1
horse17-9.png,1
horse18-0.png,1
horse18-1.png,1
horse18-2.png,1
horse18-3.png,1
horse18-4.png,1
horse18-5.png,1
horse18-6.png,1
horse18-7.png,1
horse18-8.png,1
horse18-9.png,1
horse19-0.png,1
horse19-1.png,1
horse19-2.png,1
horse19-3.png,1
horse19-4.png,1
horse19-5.png,1
horse19-6.png,1
horse19-7.png,1
horse19-8.png,1
horse19-9.png,1
horse20-0.png,1
horse20-1.png,1
horse20-2.png,1
horse20-3.png,1
horse20-4.png,1
horse20-5.png,1
horse20-6.png,1
horse20-7.png,1
horse20-8.png,1
horse20-9.png,1
horse21-0.png,1
horse21-1.png,1
horse21-2.png,1
horse21-3.png,1
horse21-4.png,1
horse21-5.png,1
horse21-6.png,1
horse21-7.png,1
horse21-8.png,1
horse21-9.png,1
horse22-0.png,1
horse22-1.png,1
horse22-2.png,1
horse22-3.png,1
horse22-4.png,1
horse22-5.png,1
horse22-6.png,1
horse22-7.png,1
horse22-8.png,1
horse22-9.png,1
horse23-0.png,1
horse23-1.png,1
horse23-2.png,1
horse23-3.png,1
horse23-4.png,1
horse23-5.png,1
horse23-6.png,1
horse23-7.png,1
horse23-8.png,1
horse23-9.png,1
horse24-0.png,1
horse24-1.png,1
horse24-2.png,1
horse24-3.png,1
horse24-4.png,1
horse24-5.png,1
horse24-6.png,1
horse24-7.png,1
horse24-8.png,1
horse24-9.png,1
horse25-0.png,1
horse25-1.png,1
horse25-2.png,1
horse25-3.png,1
horse25-4.png,1
horse25-5.png,1
horse25-6.png,1
horse25-7.png,1
horse25-8.png,1
horse25-9.png,1
horse26-0.png,1
horse26-1.png,1
horse26-2.png,1
horse26-3.png,1
horse26-4.png,1
horse26-5.png,1
horse26-6.png,1
horse26-7.png,1
horse26-8.png,1
horse26-9.png,1
horse27-0.png,1
horse27-1.png,1
horse27-2.png,1
horse27-3.png,1
horse27-4.png,1
horse27-5.png,1
horse27-6.png,1
horse27-7.png,1
horse27-8.png,1
horse27-9.png,1
horse28-0.png,1
horse28-1.png,1
horse28-2.png,1
horse28-3.png,1
horse28-4.png,1
horse28-5.png,1
horse28-6.png,1
horse28-7.png,1
horse28-8.png,1
horse28-9.png,1
horse29-0.png,1
horse29-1.png,1
horse29-2.png,1
horse29-3.png,1
horse29-4.png,1
horse29-5.png,1
horse29-6.png,1
horse29-7.png,1
horse29-8.png,1
horse29-9.png,1
horse30-0.png,1
horse30-1.png,1
horse30-2.png,1
horse30-3.png,1
horse30-4.png,1
horse30-5.png,1
horse30-6.png,1
horse30-7.png,1
horse30-8.png,1
horse30-9.png,1
horse31-0.png,1
horse31-1.png,1
horse31-2.png,1
horse31-3.png,1
horse31-4.png,1
horse31-5.png,1
horse31-6.png,1
horse31-7.png,1
horse31-8.png,1
horse31-9.png,1
horse32-0.png,1
horse32-1.png,1
horse32-2.png,1
horse32-3.png,1
horse32-4.png,1
horse32-5.png,1
horse32-6.png,1
horse32-7.png,1
horse32-8.png,1
horse32-9.png,1
horse33-0.png,1
horse33-1.png,1
horse33-2.png,1
horse33-3.png,1
horse33-4.png,1
horse33-5.png,1
horse33-6.png,1
horse33-7.png,1
horse33-8.png,1
horse33-9.png,1
horse34-0.png,1
horse34-1.png,1
horse34-2.png,1
horse34-3.png,1
horse34-4.png,1
horse34-5.png,1
horse34-6.png,1
horse34-7.png,1
horse34-8.png,1
horse34-9.png,1
horse35-0.png,1
horse35-1.png,1
horse35-2.png,1
horse35-3.png,1
horse35-4.png,1
horse35-5.png,1
horse35-6.png,1
horse35-7.png,1
horse35-8.png,1
horse35-9.png,1
horse36-0.png,1
horse36-1.png,1
horse36-2.png,1
horse36-3.png,1
horse36-4.png,1
horse36-5.png,1
horse36-6.png,1
horse36-7.png,1
horse36-8.png,1
horse36-9.png,1
horse37-0.png,1
horse37-1.png,1
horse37-2.png,1
horse37-3.png,1
horse37-4.png,1
horse37-5.png,1
horse37-6.png,1
horse37-7.png,1
horse37-8.png,1
horse37-9.png,1
horse38-0.png,1
horse38-1.png,1
horse38-2.png,1
horse38-3.png,1
horse38-4.png,1
horse38-5.png,1
horse38-6.png,1
horse38-7.png,1
horse38-8.png,1
horse38-9.png,1
horse39-0.png,1
horse39-1.png,1
horse39-2.png,1
horse39-3.png,1
horse39-4.png,1
horse39-5.png,1
horse39-6.png,1
horse39-7.png,1
horse39-8.png,1
horse39-9.png,1
horse40-0.png,1
horse40-1.png,1
horse40-2.png,1
horse40-3.png,1
horse40-4.png,1
horse40-5.png,1
horse40-6.png,1
horse40-7.png,1
horse40-8.png,1
horse40-9.png,1
horse41-0.png,1
horse41-1.png,1
horse41-2.png,1
horse41-3.png,1
horse41-4.png,1
horse41-5.png,1
horse41-6.png,1
horse41-7.png,1
horse41-8.png,1
horse41-9.png,1
horse42-0.png,1
horse42-1.png,1
horse42-2.png,1
horse42-3.png,1
horse42-4.png,1
horse42-5.png,1
horse42-6.png,1
horse42-7.png,1
horse42-8.png,1
horse42-9.png,1
horse43-0.png,1
horse43-1.png,1
horse43-2.png,1
horse43-3.png,1
horse43-4.png,1
horse43-5.png,1
horse43-6.png,1
horse43-7.png,1
horse43-8.png,1
horse43-9.png,1
horse44-0.png,1
horse44-1.png,1
horse44-2.png,1
horse44-3.png,1
horse44-4.png,1
horse44-5.png,1
horse44-6.png,1
horse44-7.png,1
horse44-8.png,1
horse44-9.png,1
horse45-0.png,1
horse45-1.png,1
horse45-2.png,1
horse45-3.png,1
horse45-4.png,1
horse45-5.png,1
horse45-6.png,1
horse45-7.png,1
horse45-8.png,1
horse45-9.png,1
horse46-0.png,1
horse46-1.png,1
horse46-2.png,1
horse46-3.png,1
horse46-4.png,1
horse46-5.png,1
horse46-6.png,1
horse46-7.png,1
horse46-8.png,1
horse46-9.png,1
horse47-0.png,1
horse47-1.png,1
horse47-2.png,1
horse47-3.png,1
horse47-4.png,1
horse47-5.png,1
horse47-6.png,1
horse47-7.png,1
horse47-8.png,1
horse47-9.png,1
horse48-0.png,1
horse48-1.png,1
horse48-2.png,1
horse48-3.png,1
horse48-4.png,1
horse48-5.png,1
horse48-6.png,1
horse48-7.png,1
horse48-8.png,1
horse48-9.png,1
horse49-0.png,1
horse49-1.png,1
horse49-2.png,1
horse49-3.png,1
horse49-4.png,1
horse49-5.png,1
horse49-6.png,1
horse49-7.png,1
horse49-8.png,1
horse49-9.png,1
horse50-0.png,1
horse50-1.png,1
horse50-2.png,1
horse50-3.png,1
horse50-4.png,1
horse50-5.png,1
horse50-6.png,1
horse50-7.png,1
horse50-8.png,1
horse50-9.png,1
horse01-0.png,1
horse01-1.png,1
horse01-2.png,1
horse01-3.png,1
horse01-4.png,1
horse01-5.png,1
horse01-6.png,1
horse01-7.png,1
horse01-8.png,1
horse01-9.png,1
horse1-000.png,1
